insumo,categoria,unidad_base,alias
ACEITE CRISOL X20 LT,ABARROTES,und,( INSUMO ) ACEITE CRISOL X20 LT UNIDAD
ACEITE CRISOL X20 LT,ABARROTES,und,ACEITE CRISOL X20 LT UNIDAD
ACEITE DE AJONJOLI,ABARROTES,L,( INSUMO ) ACEITE DE AJONJOLI BOTELLA
ACEITE DE AJONJOLI,ABARROTES,L,( INSUMO ) ACEITE DE AJONJOLI UNIDAD
ACEITE DE AJONJOLI,ABARROTES,L,ACEITE DE AJONJOLI BOTELLA
ACEITE DE AJONJOLI,ABARROTES,L,ACEITE DE AJONJOLI UNIDAD
ACEITE DE OLIVA,ABARROTES,L,( INSUMO ) ACEITE DE OLIVA LITRO
ACEITE DE OLIVA,ABARROTES,L,ACEITE DE OLIVA LITRO
ACEITE VEGETAL 900ML,ABARROTES,L,( INSUMO ) ACEITE VEGETAL 900ML LITRO
ACEITE VEGETAL 900ML,ABARROTES,L,ACEITE VEGETAL 900ML LITRO
ACEITUNA,ABARROTES,kg,( INSUMO ) ACEITUNA KILOS
ACEITUNA,ABARROTES,kg,ACEITUNA KILOS
AGUA,BAR,L,( INSUMO ) AGUA LITRO
AGUA,BAR,L,AGUA LITRO
AGUA TONICA,BAR,und,( INSUMO ) AGUA TONICA UNIDAD
AGUA TONICA,BAR,und,AGUA TONICA UNIDAD
AJI AMARILLO,VERDURAS,kg,( INSUMO ) AJI AMARILLO KILOS
AJI AMARILLO,VERDURAS,kg,AJI AMARILLO KILOS
AJI LIMO,VERDURAS,kg,( INSUMO ) AJI LIMO KILOS
AJI LIMO,VERDURAS,kg,AJI LIMO KILOS
AJI MIRASOL,VERDURAS,kg,( INSUMO ) AJI MIRASOL KILOS
AJI MIRASOL,VERDURAS,kg,AJI MIRASOL KILOS
AJI PANCA,VERDURAS,kg,( INSUMO ) AJI PANCA KILOS
AJI PANCA,VERDURAS,kg,AJI PANCA KILOS
AJICERO 02 ONZAS,DESCARTABLES,und,( INSUMO ) AJICERO 02 ONZAS UNIDAD
AJICERO 02 ONZAS,DESCARTABLES,und,AJICERO 02 ONZAS UNIDAD
AJINOMOTO,ABARROTES,kg,( INSUMO ) AJINOMOTO KILOS
AJINOMOTO,ABARROTES,kg,AJINOMOTO KILOS
AJO,VERDURAS,kg,( INSUMO ) AJO KILOS
AJO,VERDURAS,kg,AJO KILOS
AJONJO BLANCO,ABARROTES,kg,( INSUMO ) AJONJO BLANCO KILOS
AJONJO BLANCO,ABARROTES,kg,AJONJO BLANCO KILOS
ALCOHOL 70%,OPERATIVO,und,( INSUMO ) ALCOHOL 70% UNIDAD
ALCOHOL 70%,OPERATIVO,und,ALCOHOL 70% UNIDAD
ALMEJA DOCENA,PESCADOS Y MARISCOS,und,( INSUMO ) ALMEJA DOCENA
ALVERJA,VERDURAS,kg,( INSUMO ) ALVERJA KILOS
ALVERJA,VERDURAS,kg,ALVERJA KILOS
ALVERJA PARTIDA,COMIDA DEL PERSONAL,kg,( INSUMO ) ALVERJA PARTIDA KILOS
ALVERJA PARTIDA,COMIDA DEL PERSONAL,kg,ALVERJA PARTIDA KILOS
AMBIENTADOR,PRODUCTOS DE LIMPIEZA,und,( INSUMO ) AMBIENTADOR UNIDAD
AMBIENTADOR,PRODUCTOS DE LIMPIEZA,und,AMBIENTADOR UNIDAD
ANIS ESTRELLA,BAR,und,( INSUMO ) ANIS ESTRELLA UNIDAD
ANIS ESTRELLA,BAR,und,ANIS ESTRELLA UNIDAD
ANTIDERRAPANTE AMARILLO,OPERATIVO,und,( INSUMO ) ANTIDERRAPANTE AMARILLO UNIDAD
ANTIDERRAPANTE AMARILLO,OPERATIVO,und,ANTIDERRAPANTE AMARILLO UNIDAD
APIO,VERDURAS,kg,( INSUMO ) APIO KILOS
APIO,VERDURAS,kg,APIO KILOS
ARROZ PARA EL PERSONAL,COMIDA DEL PERSONAL,kg,( INSUMO ) ARROZ PARA EL PERSONAL KILOS
ARROZ PARA EL PERSONAL,COMIDA DEL PERSONAL,kg,ARROZ PARA EL PERSONAL KILOS
ARROZ VALENTINA X 50KG,ABARROTES,kg,( INSUMO ) ARROZ VALENTINA X 50KG KILO
ARROZ VALENTINA X 50KG,ABARROTES,kg,ARROZ VALENTINA X 50KG KILO
ATUN,COMIDA DEL PERSONAL,und,( INSUMO ) ATUN UNIDAD
ATUN,COMIDA DEL PERSONAL,und,ATUN UNIDAD
AZUCAR BLANCA SACO,BAR,kg,( INSUMO ) AZUCAR BLANCA SACO
AZUCAR ESPLENDA,BAR,und,( INSUMO ) AZUCAR ESPLENDA UNIDAD
AZUCAR ESPLENDA,BAR,und,AZUCAR ESPLENDA UNIDAD
AZUCAR RUBIA SACO,BAR,kg,( INSUMO ) AZUCAR RUBIA SACO
BALON DE GAS DE 45KG,GAS,und,( INSUMO ) BALON DE GAS DE 45KG UNIDAD
BALON DE GAS DE 45KG,GAS,und,BALON DE GAS DE 45KG UNIDAD
BARRACUDA,PESCADOS Y MARISCOS,kg,( INSUMO ) BARRACUDA KILOS
BARRACUDA,PESCADOS Y MARISCOS,kg,BARRACUDA KILOS
BEBIDA CARBONADA EVERVESS 1.5 LT,BAR,und,( INSUMO ) BEBIDA CARBONADA EVERVESS 1.5 LT UNIDAD
BEBIDA CARBONADA EVERVESS 1.5 LT,BAR,und,BEBIDA CARBONADA EVERVESS 1.5 LT UNIDAD
BIDON 80 LT,GASTOS ADMINISTRATIVOS,und,( INSUMO ) BIDON 80 LT UNIDAD
BIDON 80 LT,GASTOS ADMINISTRATIVOS,und,BIDON 80 LT UNIDAD
BISMUTOL,BOTIQUIN,und,( INSUMO ) BISMUTOL UNIDAD
BISMUTOL,BOTIQUIN,und,BISMUTOL UNIDAD
BOLSA BLANCA 21X24,DESCARTABLES,und,( INSUMO ) BOLSA BLANCA 21X24 UNIDAD
BOLSA BLANCA 21X24,DESCARTABLES,und,BOLSA BLANCA 21X24 UNIDAD
BOLSA CON ASA 19X20,DESCARTABLES,und,( INSUMO ) BOLSA CON ASA 19X20 UNIDAD
BOLSA CON ASA 19X20,DESCARTABLES,und,BOLSA CON ASA 19X20 UNIDAD
BOLSA NEGRA X140LT,DESCARTABLES,und,( INSUMO ) BOLSA NEGRA X140LT UNIDAD
BOLSA NEGRA X140LT,DESCARTABLES,und,BOLSA NEGRA X140LT UNIDAD
BOLSAS 14X20,DESCARTABLES,und,( INSUMO ) BOLSAS 14X20 PQT
BOLSAS 14X20,DESCARTABLES,und,BOLSAS 14X20 PQT
BONITO ENTERO,PESCADOS Y MARISCOS,und,( INSUMO ) BONITO ENTERO UNIDAD
BONITO ENTERO,PESCADOS Y MARISCOS,und,BONITO ENTERO UNIDAD
BONITO FILETE,PESCADOS Y MARISCOS,kg,( INSUMO ) BONITO FILETE KILOS
BONITO FILETE,PESCADOS Y MARISCOS,kg,BONITO FILETE KILOS
BROCHA,MANTENIMIENTO,und,( INSUMO ) BROCHA UNIDAD
BROCHA,MANTENIMIENTO,und,BROCHA UNIDAD
BROCOLI,VERDURAS,kg,( INSUMO ) BROCOLI GRAMOS
BROCOLI,VERDURAS,kg,BROCOLI GRAMOS
CABELLO DE ANGEL,COMIDA DEL PERSONAL,und,( INSUMO ) CABELLO DE ANGEL UNIDAD
CABELLO DE ANGEL,COMIDA DEL PERSONAL,und,CABELLO DE ANGEL UNIDAD
CABRILLA,PESCADOS Y MARISCOS,kg,( INSUMO ) CABRILLA KILOS
CABRILLA,PESCADOS Y MARISCOS,kg,CABRILLA KILOS
CAFE,BAR,kg,( INSUMO ) CAFE KILOS
CAFE,BAR,kg,( INSUMO ) CAFE UNIDAD
CAFE,BAR,kg,CAFE KILOS
CAFE,BAR,kg,CAFE UNIDAD
CAJA DE LAPICERO,UTILES DE OFICINA,und,( INSUMO ) CAJA DE LAPICERO UNIDAD
CAJA DE LAPICERO,UTILES DE OFICINA,und,CAJA DE LAPICERO UNIDAD
CAJA DE PANQUITA,ABARROTES,und,( INSUMO ) CAJA DE PANQUITA UNIDAD
CAJA DE PANQUITA,ABARROTES,und,CAJA DE PANQUITA UNIDAD
CALAMAR,PESCADOS Y MARISCOS,kg,( INSUMO ) CALAMAR KILOS
CALAMAR,PESCADOS Y MARISCOS,kg,CALAMAR KILOS
CAMOTE,VERDURAS,kg,( INSUMO ) CAMOTE KILO
CAMOTE,VERDURAS,kg,CAMOTE KILO
CANELA,BAR,kg,( INSUMO ) CANELA KILO
CANELA,BAR,kg,CANELA KILO
CANGREJO,PESCADOS Y MARISCOS,und,( INSUMO ) CANGREJO UNIDAD
CANGREJO,PESCADOS Y MARISCOS,und,CANGREJO UNIDAD
CARNE HUACHALOMO,CARNE,kg,( INSUMO ) CARNE HUACHALOMO GRAMOS
CARNE HUACHALOMO,CARNE,kg,CARNE HUACHALOMO GRAMOS
CARNE MOLIDA,COMIDA DEL PERSONAL,und,( INSUMO ) CARNE MOLIDA KILOS
CARNE MOLIDA,COMIDA DEL PERSONAL,und,( INSUMO ) CARNE MOLIDA UNIDAD
CARNE MOLIDA,COMIDA DEL PERSONAL,und,CARNE MOLIDA KILOS
CARNE MOLIDA,COMIDA DEL PERSONAL,und,CARNE MOLIDA UNIDAD
CARNE PICADA,COMIDA DEL PERSONAL,kg,( INSUMO ) CARNE PICADA KILOS
CARNE PICADA,COMIDA DEL PERSONAL,kg,CARNE PICADA KILOS
CEBOLLA CHINA,VERDURAS,kg,( INSUMO ) CEBOLLA CHINA KILOS
CEBOLLA CHINA,VERDURAS,kg,CEBOLLA CHINA KILOS
CEBOLLA CHINA ATADO,VERDURAS,kg,( INSUMO ) CEBOLLA CHINA ATADO
CEBOLLA ROJA,VERDURAS,kg,( INSUMO ) CEBOLLA ROJA KILOS
CEBOLLA ROJA,VERDURAS,kg,CEBOLLA ROJA KILOS
CERA PARA PISO,PRODUCTOS DE LIMPIEZA,und,( INSUMO ) CERA PARA PISO UNIDAD
CERA PARA PISO,PRODUCTOS DE LIMPIEZA,und,CERA PARA PISO UNIDAD
CHARELLA FILETE,PESCADOS Y MARISCOS,kg,( INSUMO ) CHARELLA FILETE KILOS
CHARELLA FILETE,PESCADOS Y MARISCOS,kg,CHARELLA FILETE KILOS
CHICHA DE JORA,ABARROTES,L,( INSUMO ) CHICHA DE JORA BOTELLA
CHICHA DE JORA,ABARROTES,L,( INSUMO ) CHICHA DE JORA LITRO
CHICHA DE JORA,ABARROTES,L,CHICHA DE JORA BOTELLA
CHICHA DE JORA,ABARROTES,L,CHICHA DE JORA LITRO
CHOCLO,VERDURAS,kg,( INSUMO ) CHOCLO KILOS
CHOCLO,VERDURAS,kg,( INSUMO ) CHOCLO UNIDAD
CHOCLO,VERDURAS,kg,CHOCLO KILOS
CHOCLO,VERDURAS,kg,CHOCLO UNIDAD
CHOROS GRANDES DOCENA,PESCADOS Y MARISCOS,und,( INSUMO ) CHOROS GRANDES DOCENA
CHOROS PEQUEÑOS DOCENA,PESCADOS Y MARISCOS,und,( INSUMO ) CHOROS PEQUEÑOS DOCENA
CHULETA,COMIDA DEL PERSONAL,kg,( INSUMO ) CHULETA KILOS
CHULETA,COMIDA DEL PERSONAL,kg,CHULETA KILOS
CINTA ADHESIVA,UTILES DE OFICINA,und,( INSUMO ) CINTA ADHESIVA UNIDAD
CINTA ADHESIVA,UTILES DE OFICINA,und,CINTA ADHESIVA UNIDAD
COCA COLA 600ML,BAR,und,( INSUMO ) COCA COLA 600ML PQT
COCA COLA 600ML,BAR,und,( INSUMO ) COCA COLA 600ML UNIDAD
COCA COLA 600ML,BAR,und,COCA COLA 600ML PQT
COCA COLA 600ML,BAR,und,COCA COLA 600ML UNIDAD
COCA COLA ZERO 500 ML,BAR,und,( INSUMO ) COCA COLA ZERO 500 ML PQT
COCA COLA ZERO 500 ML,BAR,und,COCA COLA ZERO 500 ML PQT
CONCHAS DE ABANICO,PESCADOS Y MARISCOS,kg,( INSUMO ) CONCHAS DE ABANICO KILOS
CONCHAS DE ABANICO,PESCADOS Y MARISCOS,kg,CONCHAS DE ABANICO KILOS
CONCHAS NEGRAS,PESCADOS Y MARISCOS,und,( INSUMO ) CONCHAS NEGRAS UNIDAD
CONCHAS NEGRAS,PESCADOS Y MARISCOS,und,CONCHAS NEGRAS UNIDAD
CORAL DE ABANICO DOCENA,PESCADOS Y MARISCOS,kg,( INSUMO ) CORAL DE ABANICO DOCENA
CUCHARA,DESCARTABLES,und,( INSUMO ) CUCHARA UNIDAD
CUCHARA,DESCARTABLES,und,CUCHARA UNIDAD
CUCHILLA DE CABEZAL DE 80MM,MANTENIMIENTO,und,( INSUMO ) CUCHILLA DE CABEZAL DE 80MM UNIDAD
CUCHILLA DE CABEZAL DE 80MM,MANTENIMIENTO,und,CUCHILLA DE CABEZAL DE 80MM UNIDAD
CULANTRO,VERDURAS,kg,( INSUMO ) CULANTRO KILOS
CULANTRO,VERDURAS,kg,CULANTRO KILOS
CULANTRO ATADO,VERDURAS,kg,( INSUMO ) CULANTRO ATADO
CUSQUEÑA NEGRA 620 ML CAJA,BAR,und,( INSUMO ) CUSQUEÑA NEGRA 620 ML CAJA
CUSQUEÑA TRIGO 620 ML CAJA,BAR,und,( INSUMO ) CUSQUEÑA TRIGO 620 ML CAJA
DETERGENTE,PRODUCTOS DE LIMPIEZA,kg,( INSUMO ) DETERGENTE KILOS
DETERGENTE,PRODUCTOS DE LIMPIEZA,kg,DETERGENTE KILOS
DOLOCHEK PLUS 400MGF,BOTIQUIN,und,( INSUMO ) DOLOCHEK PLUS 400MGF UNIDAD
DOLOCHEK PLUS 400MGF,BOTIQUIN,und,DOLOCHEK PLUS 400MGF UNIDAD
DONCELLA,PESCADOS Y MARISCOS,kg,( INSUMO ) DONCELLA KILOS
DONCELLA,PESCADOS Y MARISCOS,kg,DONCELLA KILOS
EMOLIENTE,COMIDA DEL PERSONAL,und,( INSUMO ) EMOLIENTE UNIDAD
EMOLIENTE,COMIDA DEL PERSONAL,und,EMOLIENTE UNIDAD
ENCENDEDOR CHISPA CH,MENAJERIA,und,( INSUMO ) ENCENDEDOR CHISPA CH UNIDAD
ENCENDEDOR CHISPA CH,MENAJERIA,und,ENCENDEDOR CHISPA CH UNIDAD
ENSALADA RUSA,COMIDA DEL PERSONAL,und,( INSUMO ) ENSALADA RUSA UNIDAD
ENSALADA RUSA,COMIDA DEL PERSONAL,und,ENSALADA RUSA UNIDAD
ERIZO,PESCADOS Y MARISCOS,kg,( INSUMO ) ERIZO KILO
ERIZO,PESCADOS Y MARISCOS,kg,ERIZO KILO
ESCOBILLA DE ROPA,PRODUCTOS DE LIMPIEZA,und,( INSUMO ) ESCOBILLA DE ROPA UNIDAD
ESCOBILLA DE ROPA,PRODUCTOS DE LIMPIEZA,und,ESCOBILLA DE ROPA UNIDAD
ESPADA FILETE,PESCADOS Y MARISCOS,kg,( INSUMO ) ESPADA FILETE KILOS
ESPADA FILETE,PESCADOS Y MARISCOS,kg,ESPADA FILETE KILOS
ESPONJA DE FIERRO,MANTENIMIENTO,und,( INSUMO ) ESPONJA DE FIERRO UNIDAD
ESPONJA DE FIERRO,MANTENIMIENTO,und,ESPONJA DE FIERRO UNIDAD
ESPONJAS,PRODUCTOS DE LIMPIEZA,und,( INSUMO ) ESPONJAS UNIDAD
ESPONJAS,PRODUCTOS DE LIMPIEZA,und,ESPONJAS UNIDAD
FANTA,ABARROTES,und,( INSUMO ) FANTA UNIDAD
FANTA,ABARROTES,und,FANTA UNIDAD
FIDEO CHINO,VERDURAS,kg,( INSUMO ) FIDEO CHINO KILOS
FIDEO CHINO,VERDURAS,kg,FIDEO CHINO KILOS
FIDEO FANSI,VERDURAS,kg,( INSUMO ) FIDEO FANSI KILOS
FIDEO FANSI,VERDURAS,kg,FIDEO FANSI KILOS
FILETE PESCADO,PESCADOS Y MARISCOS,kg,( INSUMO ) FILETE PESCADO KILOS
FILETE PESCADO,PESCADOS Y MARISCOS,kg,FILETE PESCADO KILOS
FILM DE ALIMENTOS,DESCARTABLES,und,( INSUMO ) FILM DE ALIMENTOS UNIDAD
FILM DE ALIMENTOS,DESCARTABLES,und,FILM DE ALIMENTOS UNIDAD
FINDALER 10MG,BOTIQUIN,und,( INSUMO ) FINDALER 10MG UNIDAD
FINDALER 10MG,BOTIQUIN,und,FINDALER 10MG UNIDAD
FOCO,MENAJERIA,und,( INSUMO ) FOCO UNIDAD
FOCO,MENAJERIA,und,FOCO UNIDAD
FOLDER,UTILES DE OFICINA,und,( INSUMO ) FOLDER UNIDAD
FOLDER,UTILES DE OFICINA,und,FOLDER UNIDAD
FREJOL CANARIO,COMIDA DEL PERSONAL,kg,( INSUMO ) FREJOL CANARIO KILOS
FREJOL CANARIO,COMIDA DEL PERSONAL,kg,FREJOL CANARIO KILOS
FREJOL CHINO,VERDURAS,kg,( INSUMO ) FREJOL CHINO KILOS
FREJOL CHINO,VERDURAS,kg,FREJOL CHINO KILOS
FREJOL NEGRO,COMIDA DEL PERSONAL,kg,( INSUMO ) FREJOL NEGRO KILOS
FREJOL NEGRO,COMIDA DEL PERSONAL,kg,FREJOL NEGRO KILOS
GALLETA SODA,ABARROTES,und,( INSUMO ) GALLETA SODA PQT
GALLETA SODA,ABARROTES,und,GALLETA SODA PQT
GAS 10 KG,GAS,und,( INSUMO ) GAS 10 KG UNIDAD
GAS 10 KG,GAS,und,GAS 10 KG UNIDAD
GASEOSA FANTA X 2.25 LT,ABARROTES,und,( INSUMO ) GASEOSA FANTA X 2.25 LT UNIDAD
GASEOSA FANTA X 2.25 LT,ABARROTES,und,GASEOSA FANTA X 2.25 LT UNIDAD
GASEOSA SPRITE C2.25 LT,OPERATIVO,und,( INSUMO ) GASEOSA SPRITE C2.25 LT UNIDAD
GASEOSA SPRITE C2.25 LT,OPERATIVO,und,GASEOSA SPRITE C2.25 LT UNIDAD
GUANTES,DESCARTABLES,und,( INSUMO ) GUANTES UNIDAD
GUANTES,DESCARTABLES,und,GUANTES UNIDAD
GUANTES CAJA,DESCARTABLES,und,( INSUMO ) GUANTES CAJA
HAMBURGUESA,COMIDA DEL PERSONAL,und,( INSUMO ) HAMBURGUESA UNIDAD
HAMBURGUESA,COMIDA DEL PERSONAL,und,HAMBURGUESA UNIDAD
HARINA DE TRIGO,ABARROTES,kg,( INSUMO ) HARINA DE TRIGO KILOS
HARINA DE TRIGO,ABARROTES,kg,HARINA DE TRIGO KILOS
HIERBA BUENA,BAR,und,( INSUMO ) HIERBA BUENA UNIDAD
HIERBA BUENA,BAR,und,HIERBA BUENA UNIDAD
HIERBA LUISA,VERDURAS,kg,( INSUMO ) HIERBA LUISA KILOS
HIERBA LUISA,VERDURAS,kg,HIERBA LUISA KILOS
HIERBA LUISA ATADO,VERDURAS,kg,( INSUMO ) HIERBA LUISA ATADO
HIGADO,COMIDA DEL PERSONAL,kg,( INSUMO ) HIGADO KILOS
HIGADO,COMIDA DEL PERSONAL,kg,HIGADO KILOS
HOJAS BOND,UTILES DE OFICINA,und,( INSUMO ) HOJAS BOND UNIDAD
HOJAS BOND,UTILES DE OFICINA,und,HOJAS BOND UNIDAD
HOT DOG SUIZA,COMIDA DEL PERSONAL,und,( INSUMO ) HOT DOG SUIZA UNIDAD
HOT DOG SUIZA,COMIDA DEL PERSONAL,und,HOT DOG SUIZA UNIDAD
HUEVERA,PESCADOS Y MARISCOS,kg,( INSUMO ) HUEVERA KG KILOS
HUEVERA,PESCADOS Y MARISCOS,kg,( INSUMO ) HUEVERA KILOS
HUEVERA,PESCADOS Y MARISCOS,kg,HUEVERA KG KILOS
HUEVERA,PESCADOS Y MARISCOS,kg,HUEVERA KILOS
HUEVO,ABARROTES,und,( INSUMO ) HUEVO UNIDAD
HUEVO,ABARROTES,und,HUEVO UNIDAD
INCA KOLA 600 ML,BAR,und,( INSUMO ) INCA KOLA 600 ML PQT
INCA KOLA 600 ML,BAR,und,INCA KOLA 600 ML PQT
INCA KOLA ZERO 500ML,BAR,und,( INSUMO ) INCA KOLA ZERO 500ML PQT
INCA KOLA ZERO 500ML,BAR,und,INCA KOLA ZERO 500ML PQT
JABON LIQUIDO X GALON,PRODUCTOS DE LIMPIEZA,und,( INSUMO ) JABON LIQUIDO X GALON UNIDAD
JABON LIQUIDO X GALON,PRODUCTOS DE LIMPIEZA,und,JABON LIQUIDO X GALON UNIDAD
JABÓN LIQUIDO,PRODUCTOS DE LIMPIEZA,L,( INSUMO ) JABÓN LIQUIDO LITRO
JABÓN LIQUIDO,PRODUCTOS DE LIMPIEZA,L,JABÓN LIQUIDO LITRO
JALADOR,PRODUCTOS DE LIMPIEZA,und,( INSUMO ) JALADOR UNIDAD
JALADOR,PRODUCTOS DE LIMPIEZA,und,JALADOR UNIDAD
JAMAICA,COMIDA DEL PERSONAL,kg,( INSUMO ) JAMAICA KILOS
JAMAICA,COMIDA DEL PERSONAL,kg,JAMAICA KILOS
JAMON,COMIDA DEL PERSONAL,und,( INSUMO ) JAMON UNIDAD
JAMON,COMIDA DEL PERSONAL,und,JAMON UNIDAD
KION,ABARROTES,kg,( INSUMO ) KION KILOS
KION,ABARROTES,kg,KION KILOS
LANGOSTINO,PESCADOS Y MARISCOS,kg,( INSUMO ) LANGOSTINO KILOS
LANGOSTINO,PESCADOS Y MARISCOS,kg,LANGOSTINO KILOS
LAUREL,ABARROTES,und,( INSUMO ) LAUREL UNIDAD
LAUREL,ABARROTES,und,LAUREL UNIDAD
LECHE ENTERA 946 ML,ABARROTES,und,( INSUMO ) LECHE ENTERA 946 ML UNIDAD
LECHE ENTERA 946 ML,ABARROTES,und,LECHE ENTERA 946 ML UNIDAD
LECHE EVAPORADA TARRO,ABARROTES,mL,( INSUMO ) LECHE EVAPORADA TARRO
LECHUGA,VERDURAS,und,( INSUMO ) LECHUGA UNIDAD
LECHUGA,VERDURAS,und,LECHUGA UNIDAD
LEJIA,PRODUCTOS DE LIMPIEZA,L,( INSUMO ) LEJIA LITRO
LEJIA,PRODUCTOS DE LIMPIEZA,L,LEJIA LITRO
LEJIA BIDON,PRODUCTOS DE LIMPIEZA,L,( INSUMO ) LEJIA BIDON
LENTEJA,COMIDA DEL PERSONAL,kg,( INSUMO ) LENTEJA KILOS
LENTEJA,COMIDA DEL PERSONAL,kg,LENTEJA KILOS
LIJA,PRODUCTOS DE LIMPIEZA,und,( INSUMO ) LIJA UNIDAD
LIJA,PRODUCTOS DE LIMPIEZA,und,LIJA UNIDAD
LIMON,VERDURAS,kg,( INSUMO ) LIMON KILOS
LIMON,VERDURAS,kg,LIMON KILOS
LIMPIATODO,PRODUCTOS DE LIMPIEZA,und,( INSUMO ) LIMPIATODO UNIDAD
LIMPIATODO,PRODUCTOS DE LIMPIEZA,und,LIMPIATODO UNIDAD
LOMO FINO,CARNE,kg,( INSUMO ) LOMO FINO KILOS
LOMO FINO,CARNE,kg,LOMO FINO KILOS
MAICENA,ABARROTES,kg,( INSUMO ) MAICENA KILOS
MAICENA,ABARROTES,kg,MAICENA KILOS
MAIZ MORADO,BAR,kg,( INSUMO ) MAIZ MORADO KILOS
MAIZ MORADO,BAR,kg,MAIZ MORADO KILOS
MAIZ PARA SALON,ABARROTES,kg,( INSUMO ) MAIZ PARA SALON KILOS
MAIZ PARA SALON,ABARROTES,kg,MAIZ PARA SALON KILOS
MANTEQUILLA GLORIA,ABARROTES,kg,( INSUMO ) MANTEQUILLA GLORIA GRAMOS
MANTEQUILLA GLORIA,ABARROTES,kg,( INSUMO ) MANTEQUILLA GLORIA POTE
MANTEQUILLA GLORIA,ABARROTES,kg,MANTEQUILLA GLORIA GRAMOS
MANTEQUILLA GLORIA,ABARROTES,kg,MANTEQUILLA GLORIA POTE
MANTEQUILLA SIN SAL,ABARROTES,kg,( INSUMO ) MANTEQUILLA SIN SAL KILOS
MANTEQUILLA SIN SAL,ABARROTES,kg,MANTEQUILLA SIN SAL KILOS
MANZANA DE AGUA,BAR,kg,( INSUMO ) MANZANA DE AGUA KILOS
MANZANA DE AGUA,BAR,kg,MANZANA DE AGUA KILOS
MARACUYA,BAR,kg,( INSUMO ) MARACUYA KILOS
MARACUYA,BAR,kg,MARACUYA KILOS
MAYONESA ALACENA X 1.9 KG CAJA,ABARROTES,und,( INSUMO ) MAYONESA ALACENA X 1.9 KG CAJA
MEMBRILLO,BAR,kg,( INSUMO ) MEMBRILLO KILOS
MEMBRILLO,BAR,kg,MEMBRILLO KILOS
MICAS,UTILES DE OFICINA,und,( INSUMO ) MICAS UNIDAD
MICAS,UTILES DE OFICINA,und,MICAS UNIDAD
MILANESA DE POLLO,COMIDA DEL PERSONAL,kg,( INSUMO ) MILANESA DE POLLO KILOS
MILANESA DE POLLO,COMIDA DEL PERSONAL,kg,MILANESA DE POLLO KILOS
MIXTURA DE MARISCOS PREMIUM CONGELADO,PESCADOS Y MARISCOS,kg,( INSUMO ) MIXTURA DE MARISCOS PREMIUM CONGELADO KILOS
MIXTURA DE MARISCOS PREMIUM CONGELADO,PESCADOS Y MARISCOS,kg,MIXTURA DE MARISCOS PREMIUM CONGELADO KILOS
NARANJA,BAR,kg,( INSUMO ) NARANJA KILOS
NARANJA,BAR,kg,NARANJA KILOS
NAVAJAS DOCENA,PESCADOS Y MARISCOS,und,( INSUMO ) NAVAJAS DOCENA
OLLUCO,VERDURAS,kg,( INSUMO ) OLLUCO KILOS
OLLUCO,VERDURAS,kg,OLLUCO KILOS
OREGANO,ABARROTES,kg,( INSUMO ) OREGANO KILOS
OREGANO,ABARROTES,kg,OREGANO KILOS
PALTA,VERDURAS,kg,( INSUMO ) PALTA KILOS
PALTA,VERDURAS,kg,( INSUMO ) PALTA UND
PALTA,VERDURAS,kg,PALTA KILOS
PALTA,VERDURAS,kg,PALTA UND
PAN CIABATTA,ABARROTES,und,( INSUMO ) PAN CIABATTA UNIDAD
PAN CIABATTA,ABARROTES,und,PAN CIABATTA UNIDAD
PAN FRANCES,ABARROTES,und,( INSUMO ) PAN FRANCES UNIDAD
PAN FRANCES,ABARROTES,und,PAN FRANCES UNIDAD
PANAFEBRIL1G,BOTIQUIN,und,( INSUMO ) PANAFEBRIL1G UNIDAD
PANAFEBRIL1G,BOTIQUIN,und,PANAFEBRIL1G UNIDAD
PANQUITA GRANDE,ABARROTES,und,( INSUMO ) PANQUITA GRANDE UNIDAD
PANQUITA GRANDE,ABARROTES,und,PANQUITA GRANDE UNIDAD
PAPA AMARILLA,VERDURAS,kg,( INSUMO ) PAPA AMARILLA KILOS
PAPA AMARILLA,VERDURAS,kg,PAPA AMARILLA KILOS
PAPA BLANCA,VERDURAS,kg,( INSUMO ) PAPA BLANCA KILOS
PAPA BLANCA,VERDURAS,kg,PAPA BLANCA KILOS
PAPA PERUANITA,VERDURAS,kg,( INSUMO ) PAPA PERUANITA KILOS
PAPA PERUANITA,VERDURAS,kg,PAPA PERUANITA KILOS
PAPAYA,BAR,kg,( INSUMO ) PAPAYA KILOS
PAPAYA,BAR,kg,( INSUMO ) PAPAYA UND
PAPAYA,BAR,kg,( INSUMO ) PAPAYA UNIDAD
PAPAYA,BAR,kg,PAPAYA KILOS
PAPAYA,BAR,kg,PAPAYA UND
PAPAYA,BAR,kg,PAPAYA UNIDAD
PAPEL CONTOM TERMICO 80X80MM POX5 M,UTILES DE OFICINA,und,( INSUMO ) PAPEL CONTOM TERMICO 80X80MM POX5 M UNIDAD
PAPEL CONTOM TERMICO 80X80MM POX5 M,UTILES DE OFICINA,und,PAPEL CONTOM TERMICO 80X80MM POX5 M UNIDAD
PAPEL CONTOMETRO,UTILES DE OFICINA,und,( INSUMO ) PAPEL CONTOMETRO PAQUETE
PAPEL CONTOMETRO,UTILES DE OFICINA,und,( INSUMO ) PAPEL CONTOMETRO UNIDAD
PAPEL CONTOMETRO,UTILES DE OFICINA,und,PAPEL CONTOMETRO PAQUETE
PAPEL CONTOMETRO,UTILES DE OFICINA,und,PAPEL CONTOMETRO UNIDAD
PAPEL HIGIENICO,SERVICIOS HIGIENICOS,und,( INSUMO ) PAPEL HIGIENICO PQT
PAPEL HIGIENICO,SERVICIOS HIGIENICOS,und,PAPEL HIGIENICO PQT
PAPEL TOALLA,SERVICIOS HIGIENICOS,und,( INSUMO ) PAPEL TOALLA PQT
PAPEL TOALLA,SERVICIOS HIGIENICOS,und,( INSUMO ) PAPEL TOALLA UNIDAD
PAPEL TOALLA,SERVICIOS HIGIENICOS,und,PAPEL TOALLA PQT
PAPEL TOALLA,SERVICIOS HIGIENICOS,und,PAPEL TOALLA UNIDAD
PASTILLAS PARA EL BOTIQUIN,BOTIQUIN,und,( INSUMO ) PASTILLAS PARA EL BOTIQUIN UNIDAD
PASTILLAS PARA EL BOTIQUIN,BOTIQUIN,und,PASTILLAS PARA EL BOTIQUIN UNIDAD
PAÑO ABSORVENTE,DESCARTABLES,und,( INSUMO ) PAÑO ABSORVENTE UNIDAD
PAÑO ABSORVENTE,DESCARTABLES,und,PAÑO ABSORVENTE UNIDAD
PAÑOS AMARILLOS,DESCARTABLES,und,( INSUMO ) PAÑOS AMARILLOS UNIDAD
PAÑOS AMARILLOS,DESCARTABLES,und,PAÑOS AMARILLOS UNIDAD
PAÑOS SECADORES,PRODUCTOS DE LIMPIEZA,und,( INSUMO ) PAÑOS SECADORES UNIDAD
PAÑOS SECADORES,PRODUCTOS DE LIMPIEZA,und,PAÑOS SECADORES UNIDAD
PECHUGA DE POLLO,POLLO,kg,( INSUMO ) PECHUGA DE POLLO KILOS
PECHUGA DE POLLO,POLLO,kg,PECHUGA DE POLLO KILOS
PEJERREY,PESCADOS Y MARISCOS,kg,( INSUMO ) PEJERREY KILOS
PEJERREY,PESCADOS Y MARISCOS,kg,PEJERREY KILOS
PEREJIL,VERDURAS,kg,( INSUMO ) PEREJIL GRAMOS
PEREJIL,VERDURAS,kg,PEREJIL GRAMOS
PESCADO AGUJA,PESCADOS Y MARISCOS,kg,( INSUMO ) PESCADO AGUJA KILOS
PESCADO AGUJA,PESCADOS Y MARISCOS,kg,PESCADO AGUJA KILOS
PESCADO CEVICHE,PESCADOS Y MARISCOS,kg,( INSUMO ) PESCADO CEVICHE KILO
PESCADO CEVICHE,PESCADOS Y MARISCOS,kg,PESCADO CEVICHE KILO
PILAS PANASONIC AAA/1 5V,UTILES DE OFICINA,und,( INSUMO ) PILAS PANASONIC AAA/1 5V UNIDAD
PILAS PANASONIC AAA/1 5V,UTILES DE OFICINA,und,PILAS PANASONIC AAA/1 5V UNIDAD
PILSEN 305 ML CAJA,BAR,und,( INSUMO ) PILSEN 305 ML CAJA
PILSEN CALLAO 630 ML CAJA,BAR,und,( INSUMO ) PILSEN CALLAO 630 ML CAJA
PIMIENTA,ABARROTES,kg,( INSUMO ) PIMIENTA KILOS
PIMIENTA,ABARROTES,kg,PIMIENTA KILOS
PIMIENTO,VERDURAS,kg,( INSUMO ) PIMIENTO KILOS
PIMIENTO,VERDURAS,kg,( INSUMO ) PIMIENTO UNIDAD
PIMIENTO,VERDURAS,kg,PIMIENTO KILOS
PIMIENTO,VERDURAS,kg,PIMIENTO UNIDAD
PINTURA,MANTENIMIENTO,und,( INSUMO ) PINTURA UNIDAD
PINTURA,MANTENIMIENTO,und,PINTURA UNIDAD
PIÑA GOLDEN,BAR,kg,( INSUMO ) PIÑA GOLDEN KILOS
PIÑA GOLDEN,BAR,kg,( INSUMO ) PIÑA GOLDEN UND
PIÑA GOLDEN,BAR,kg,PIÑA GOLDEN KILOS
PIÑA GOLDEN,BAR,kg,PIÑA GOLDEN UND
PLANCHA DE SERVILLETA,DESCARTABLES,und,( INSUMO ) PLANCHA DE SERVILLETA PQT
PLANCHA DE SERVILLETA,DESCARTABLES,und,( INSUMO ) PLANCHA DE SERVILLETA UNIDAD
PLANCHA DE SERVILLETA,DESCARTABLES,und,PLANCHA DE SERVILLETA PQT
PLANCHA DE SERVILLETA,DESCARTABLES,und,PLANCHA DE SERVILLETA UNIDAD
PLATANO,COMIDA DEL PERSONAL,und,( INSUMO ) PLATANO UNIDAD
PLATANO,COMIDA DEL PERSONAL,und,PLATANO UNIDAD
PLATANO BELLACO,COMIDA DEL PERSONAL,und,( INSUMO ) PLATANO BELLACO UNIDAD
PLATANO BELLACO,COMIDA DEL PERSONAL,und,PLATANO BELLACO UNIDAD
POLLO,COMIDA DEL PERSONAL,und,( INSUMO ) POLLO KILOS
POLLO,COMIDA DEL PERSONAL,und,POLLO KILOS
POLLO ENTERO,COMIDA DEL PERSONAL,und,( INSUMO ) POLLO ENTERO
POMAROLA,ABARROTES,und,( INSUMO ) POMAROLA UNIDAD
POMAROLA,ABARROTES,und,POMAROLA UNIDAD
POTA BLANCA,PESCADOS Y MARISCOS,kg,( INSUMO ) POTA BLANCA KILOS
POTA BLANCA,PESCADOS Y MARISCOS,kg,POTA BLANCA KILOS
POTA NEGRA,PESCADOS Y MARISCOS,kg,( INSUMO ) POTA NEGRA KILOS
POTA NEGRA,PESCADOS Y MARISCOS,kg,POTA NEGRA KILOS
PULPA DE CANGREJO,PESCADOS Y MARISCOS,kg,( INSUMO ) PULPA DE CANGREJO KILOS
PULPA DE CANGREJO,PESCADOS Y MARISCOS,kg,PULPA DE CANGREJO KILOS
PULPA DE MARACUYA,BAR,kg,( INSUMO ) PULPA DE MARACUYA KILOS
PULPA DE MARACUYA,BAR,kg,PULPA DE MARACUYA KILOS
PULPO,PESCADOS Y MARISCOS,kg,( INSUMO ) PULPO KILOS
PULPO,PESCADOS Y MARISCOS,kg,PULPO KILOS
QUESO,ABARROTES,kg,( INSUMO ) QUESO KILOS
QUESO,ABARROTES,kg,QUESO KILOS
QUESO PARMESANO,ABARROTES,kg,( INSUMO ) QUESO PARMESANO KILOS
QUESO PARMESANO,ABARROTES,kg,QUESO PARMESANO KILOS
ROCOTO,VERDURAS,kg,( INSUMO ) ROCOTO KILOS
ROCOTO,VERDURAS,kg,ROCOTO KILOS
RODILLO 9,MANTENIMIENTO,und,( INSUMO ) RODILLO 9 UNIDAD
RODILLO 9,MANTENIMIENTO,und,RODILLO 9 UNIDAD
ROLLO 5X10,DESCARTABLES,und,( INSUMO ) ROLLO 5X10 UNIDAD
ROLLO 5X10,DESCARTABLES,und,ROLLO 5X10 UNIDAD
ROMERO,VERDURAS,und,( INSUMO ) ROMERO UNIDAD
ROMERO,VERDURAS,und,ROMERO UNIDAD
ROTULADORES 8X3,DESCARTABLES,und,( INSUMO ) ROTULADORES 8X3 UNIDAD
ROTULADORES 8X3,DESCARTABLES,und,ROTULADORES 8X3 UNIDAD
SAL,ABARROTES,kg,( INSUMO ) SAL KILOS
SAL,ABARROTES,kg,SAL KILOS
SALSA INGLESA,ABARROTES,und,( INSUMO ) SALSA INGLESA UNIDAD
SALSA INGLESA,ABARROTES,und,SALSA INGLESA UNIDAD
SELLO,GASTOS ADMINISTRATIVOS,und,( INSUMO ) SELLO UNIDAD
SELLO,GASTOS ADMINISTRATIVOS,und,SELLO UNIDAD
SILLAO,ABARROTES,L,( INSUMO ) SILLAO GALÓN
SILLAO,ABARROTES,L,( INSUMO ) SILLAO LITRO
SILLAO,ABARROTES,L,SILLAO GALÓN
SILLAO,ABARROTES,L,SILLAO LITRO
SORBETES ECOLOGICO X 100 UND,DESCARTABLES,und,( INSUMO ) SORBETES ECOLOGICO X 100 UND UNIDAD
SORBETES ECOLOGICO X 100 UND,DESCARTABLES,und,SORBETES ECOLOGICO X 100 UND UNIDAD
SPAGUETTI,ABARROTES,kg,( INSUMO ) SPAGUETTI KILOS
SPAGUETTI,ABARROTES,kg,SPAGUETTI KILOS
SPAGUETTI DV,ABARROTES,und,( INSUMO ) SPAGUETTI DV UNIDAD
SPAGUETTI DV,ABARROTES,und,SPAGUETTI DV UNIDAD
STICKERS PARA ROTULAR,UTILES DE OFICINA,und,( INSUMO ) STICKERS PARA ROTULAR UNIDAD
STICKERS PARA ROTULAR,UTILES DE OFICINA,und,STICKERS PARA ROTULAR UNIDAD
TACHO SUPER REY 210 LT C/TAPA REY,GASTOS ADMINISTRATIVOS,und,( INSUMO ) TACHO SUPER REY 210 LT C/TAPA REY UNIDAD
TACHO SUPER REY 210 LT C/TAPA REY,GASTOS ADMINISTRATIVOS,und,TACHO SUPER REY 210 LT C/TAPA REY UNIDAD
TAPER DE CARTON C/T PLASTICO 1300ML,DESCARTABLES,und,( INSUMO ) TAPER DE CARTON C/T PLASTICO 1300ML UNIDAD
TAPER DE CARTON C/T PLASTICO 1300ML,DESCARTABLES,und,TAPER DE CARTON C/T PLASTICO 1300ML UNIDAD
TAPER DELY 1L,DESCARTABLES,und,( INSUMO ) TAPER DELY 1L UNIDAD
TAPER DELY 1L,DESCARTABLES,und,TAPER DELY 1L UNIDAD
TAPER DELY PAMOLSA DE 1KL X 200,DESCARTABLES,und,( INSUMO ) TAPER DELY PAMOLSA DE 1KL X 200 PQT
TAPER DELY PAMOLSA DE 1KL X 200,DESCARTABLES,und,TAPER DELY PAMOLSA DE 1KL X 200 PQT
TENEDOR,DESCARTABLES,und,( INSUMO ) TENEDOR UNIDAD
TENEDOR,DESCARTABLES,und,TENEDOR UNIDAD
THINNER Y WAYPER,MANTENIMIENTO,und,( INSUMO ) THINNER Y WAYPER UNIDAD
THINNER Y WAYPER,MANTENIMIENTO,und,THINNER Y WAYPER UNIDAD
TOCA CAJA,DESCARTABLES,und,( INSUMO ) TOCA CAJA
TOMATE,VERDURAS,kg,( INSUMO ) TOMATE KILOS
TOMATE,VERDURAS,kg,TOMATE KILOS
TRAPEADOR,PRODUCTOS DE LIMPIEZA,und,( INSUMO ) TRAPEADOR UNIDAD
TRAPEADOR,PRODUCTOS DE LIMPIEZA,und,TRAPEADOR UNIDAD
TRIGO,COMIDA DEL PERSONAL,kg,( INSUMO ) TRIGO KILOS
TRIGO,COMIDA DEL PERSONAL,kg,TRIGO KILOS
UTILES DE OFICINA,UTILES DE OFICINA,und,( INSUMO ) UTILES DE OFICINA UNIDAD
UTILES DE OFICINA,UTILES DE OFICINA,und,UTILES DE OFICINA UNIDAD
VAINITAS,COMIDA DEL PERSONAL,und,( INSUMO ) VAINITAS UNIDAD
VAINITAS,COMIDA DEL PERSONAL,und,VAINITAS UNIDAD
VASO LEXINGTON LONG DRINK,MENAJERIA,und,( INSUMO ) VASO LEXINGTON LONG DRINK UNIDAD
VASO LEXINGTON LONG DRINK,MENAJERIA,und,VASO LEXINGTON LONG DRINK UNIDAD
VENDITAS UTILINE,BOTIQUIN,und,( INSUMO ) VENDITAS UTILINE UNIDAD
VENDITAS UTILINE,BOTIQUIN,und,VENDITAS UTILINE UNIDAD
VINAGRE BLANCO,ABARROTES,L,( INSUMO ) VINAGRE BLANCO LITRO
VINAGRE BLANCO,ABARROTES,L,VINAGRE BLANCO LITRO
VINIL,UTILES DE OFICINA,und,( INSUMO ) VINIL UNIDAD
VINIL,UTILES DE OFICINA,und,VINIL UNIDAD
VINO BLANCO,ABARROTES,L,( INSUMO ) VINO BLANCO LITRO
VINO BLANCO,ABARROTES,L,VINO BLANCO LITRO
VONGOLE,PESCADOS Y MARISCOS,kg,( INSUMO ) VONGOLE KILOS
VONGOLE,PESCADOS Y MARISCOS,kg,VONGOLE KILOS
WANTAN,ABARROTES,kg,( INSUMO ) WANTAN UNIDAD
WANTAN,ABARROTES,kg,WANTAN UNIDAD
WYPALL,DESCARTABLES,und,( INSUMO ) WYPALL UNIDAD
WYPALL,DESCARTABLES,und,WYPALL UNIDAD
YUCA,VERDURAS,kg,( INSUMO ) YUCA KILOS
YUCA,VERDURAS,kg,YUCA KILOS
YUYO,PESCADOS Y MARISCOS,kg,( INSUMO ) YUYO KILOS
YUYO,PESCADOS Y MARISCOS,kg,YUYO KILOS
ZANAHORIA,VERDURAS,kg,( INSUMO ) ZANAHORIA GRAMOS
ZANAHORIA,VERDURAS,kg,( INSUMO ) ZANAHORIA KILOS
ZANAHORIA,VERDURAS,kg,ZANAHORIA GRAMOS
ZANAHORIA,VERDURAS,kg,ZANAHORIA KILOS
ZAPALLO LOCHE,VERDURAS,kg,( INSUMO ) ZAPALLO LOCHE KILOS
ZAPALLO LOCHE,VERDURAS,kg,( INSUMO ) ZAPALLO LOCHE UNIDAD
ZAPALLO LOCHE,VERDURAS,kg,ZAPALLO LOCHE KILOS
ZAPALLO LOCHE,VERDURAS,kg,ZAPALLO LOCHE UNIDAD
ACEITE CRISOL X20 LT,ABARROTES,und,ACEITE CRISOL X20 LT
ACEITE DE AJONJOLI,ABARROTES,L,ACEITE DE AJONJOLI
ACEITE DE OLIVA,ABARROTES,L,ACEITE DE OLIVA
ACEITE VEGETAL 900ML,ABARROTES,L,ACEITE VEGETAL 900ML
ACEITUNA,ABARROTES,kg,ACEITUNA
AGUA,BAR,L,AGUA
AGUA TONICA,BAR,und,AGUA TONICA
AJI AMARILLO,VERDURAS,kg,AJI AMARILLO
AJI LIMO,VERDURAS,kg,AJI LIMO
AJI MIRASOL,VERDURAS,kg,AJI MIRASOL
AJI PANCA,VERDURAS,kg,AJI PANCA
AJICERO 02 ONZAS,DESCARTABLES,und,AJICERO 02 ONZAS
AJINOMOTO,ABARROTES,kg,AJINOMOTO
AJO,VERDURAS,kg,AJO
AJONJO BLANCO,ABARROTES,kg,AJONJO BLANCO
ALCOHOL 70%,OPERATIVO,und,ALCOHOL 70%
ALMEJA DOCENA,PESCADOS Y MARISCOS,und,ALMEJA DOCENA
ALVERJA,VERDURAS,kg,ALVERJA
ALVERJA PARTIDA,COMIDA DEL PERSONAL,kg,ALVERJA PARTIDA
AMBIENTADOR,PRODUCTOS DE LIMPIEZA,und,AMBIENTADOR
ANIS ESTRELLA,BAR,und,ANIS ESTRELLA
ANTIDERRAPANTE AMARILLO,OPERATIVO,und,ANTIDERRAPANTE AMARILLO
APIO,VERDURAS,kg,APIO
ARROZ PARA EL PERSONAL,COMIDA DEL PERSONAL,kg,ARROZ PARA EL PERSONAL
ARROZ VALENTINA X 50KG,ABARROTES,kg,ARROZ VALENTINA X 50KG
ATUN,COMIDA DEL PERSONAL,und,ATUN
AZUCAR BLANCA SACO,BAR,kg,AZUCAR BLANCA SACO
AZUCAR ESPLENDA,BAR,und,AZUCAR ESPLENDA
AZUCAR RUBIA SACO,BAR,kg,AZUCAR RUBIA SACO
BALON DE GAS DE 45KG,GAS,und,BALON DE GAS DE 45KG
BARRACUDA,PESCADOS Y MARISCOS,kg,BARRACUDA
BEBIDA CARBONADA EVERVESS 1.5 LT,BAR,und,BEBIDA CARBONADA EVERVESS 1.5 LT
BIDON 80 LT,GASTOS ADMINISTRATIVOS,und,BIDON 80 LT
BISMUTOL,BOTIQUIN,und,BISMUTOL
BOLSA BLANCA 21X24,DESCARTABLES,und,BOLSA BLANCA 21X24
BOLSA CON ASA 19X20,DESCARTABLES,und,BOLSA CON ASA 19X20
BOLSA NEGRA X140LT,DESCARTABLES,und,BOLSA NEGRA X140LT
BOLSAS 14X20,DESCARTABLES,und,BOLSAS 14X20
BONITO ENTERO,PESCADOS Y MARISCOS,und,BONITO ENTERO
BONITO FILETE,PESCADOS Y MARISCOS,kg,BONITO FILETE
BROCHA,MANTENIMIENTO,und,BROCHA
BROCOLI,VERDURAS,kg,BROCOLI
CABELLO DE ANGEL,COMIDA DEL PERSONAL,und,CABELLO DE ANGEL
CABRILLA,PESCADOS Y MARISCOS,kg,CABRILLA
CAFE,BAR,kg,CAFE
CAJA DE LAPICERO,UTILES DE OFICINA,und,CAJA DE LAPICERO
CAJA DE PANQUITA,ABARROTES,und,CAJA DE PANQUITA
CALAMAR,PESCADOS Y MARISCOS,kg,CALAMAR
CAMOTE,VERDURAS,kg,CAMOTE
CANELA,BAR,kg,CANELA
CANGREJO,PESCADOS Y MARISCOS,und,CANGREJO
CARNE HUACHALOMO,CARNE,kg,CARNE HUACHALOMO
CARNE MOLIDA,COMIDA DEL PERSONAL,und,CARNE MOLIDA
CARNE PICADA,COMIDA DEL PERSONAL,kg,CARNE PICADA
CEBOLLA CHINA,VERDURAS,kg,CEBOLLA CHINA
CEBOLLA CHINA ATADO,VERDURAS,kg,CEBOLLA CHINA ATADO
CEBOLLA ROJA,VERDURAS,kg,CEBOLLA ROJA
CERA PARA PISO,PRODUCTOS DE LIMPIEZA,und,CERA PARA PISO
CHARELLA FILETE,PESCADOS Y MARISCOS,kg,CHARELLA FILETE
CHICHA DE JORA,ABARROTES,L,CHICHA DE JORA
CHOCLO,VERDURAS,kg,CHOCLO
CHOROS GRANDES DOCENA,PESCADOS Y MARISCOS,und,CHOROS GRANDES DOCENA
CHOROS PEQUEÑOS DOCENA,PESCADOS Y MARISCOS,und,CHOROS PEQUEÑOS DOCENA
CHULETA,COMIDA DEL PERSONAL,kg,CHULETA
CINTA ADHESIVA,UTILES DE OFICINA,und,CINTA ADHESIVA
COCA COLA 600ML,BAR,und,COCA COLA 600ML
COCA COLA ZERO 500 ML,BAR,und,COCA COLA ZERO 500 ML
CONCHAS DE ABANICO,PESCADOS Y MARISCOS,kg,CONCHAS DE ABANICO
CONCHAS NEGRAS,PESCADOS Y MARISCOS,und,CONCHAS NEGRAS
CORAL DE ABANICO DOCENA,PESCADOS Y MARISCOS,kg,CORAL DE ABANICO DOCENA
CUCHARA,DESCARTABLES,und,CUCHARA
CUCHILLA DE CABEZAL DE 80MM,MANTENIMIENTO,und,CUCHILLA DE CABEZAL DE 80MM
CULANTRO,VERDURAS,kg,CULANTRO
CULANTRO ATADO,VERDURAS,kg,CULANTRO ATADO
CUSQUEÑA NEGRA 620 ML CAJA,BAR,und,CUSQUEÑA NEGRA 620 ML CAJA
CUSQUEÑA TRIGO 620 ML CAJA,BAR,und,CUSQUEÑA TRIGO 620 ML CAJA
DETERGENTE,PRODUCTOS DE LIMPIEZA,kg,DETERGENTE
DOLOCHEK PLUS 400MGF,BOTIQUIN,und,DOLOCHEK PLUS 400MGF
DONCELLA,PESCADOS Y MARISCOS,kg,DONCELLA
EMOLIENTE,COMIDA DEL PERSONAL,und,EMOLIENTE
ENCENDEDOR CHISPA CH,MENAJERIA,und,ENCENDEDOR CHISPA CH
ENSALADA RUSA,COMIDA DEL PERSONAL,und,ENSALADA RUSA
ERIZO,PESCADOS Y MARISCOS,kg,ERIZO
ESCOBILLA DE ROPA,PRODUCTOS DE LIMPIEZA,und,ESCOBILLA DE ROPA
ESPADA FILETE,PESCADOS Y MARISCOS,kg,ESPADA FILETE
ESPONJA DE FIERRO,MANTENIMIENTO,und,ESPONJA DE FIERRO
ESPONJAS,PRODUCTOS DE LIMPIEZA,und,ESPONJAS
FANTA,ABARROTES,und,FANTA
FIDEO CHINO,VERDURAS,kg,FIDEO CHINO
FIDEO FANSI,VERDURAS,kg,FIDEO FANSI
FILETE PESCADO,PESCADOS Y MARISCOS,kg,FILETE PESCADO
FILM DE ALIMENTOS,DESCARTABLES,und,FILM DE ALIMENTOS
FINDALER 10MG,BOTIQUIN,und,FINDALER 10MG
FOCO,MENAJERIA,und,FOCO
FOLDER,UTILES DE OFICINA,und,FOLDER
FREJOL CANARIO,COMIDA DEL PERSONAL,kg,FREJOL CANARIO
FREJOL CHINO,VERDURAS,kg,FREJOL CHINO
FREJOL NEGRO,COMIDA DEL PERSONAL,kg,FREJOL NEGRO
GALLETA SODA,ABARROTES,und,GALLETA SODA
GAS 10 KG,GAS,und,GAS 10 KG
GASEOSA FANTA X 2.25 LT,ABARROTES,und,GASEOSA FANTA X 2.25 LT
GASEOSA SPRITE C2.25 LT,OPERATIVO,und,GASEOSA SPRITE C2.25 LT
GUANTES,DESCARTABLES,und,GUANTES
GUANTES CAJA,DESCARTABLES,und,GUANTES CAJA
HAMBURGUESA,COMIDA DEL PERSONAL,und,HAMBURGUESA
HARINA DE TRIGO,ABARROTES,kg,HARINA DE TRIGO
HIERBA BUENA,BAR,und,HIERBA BUENA
HIERBA LUISA,VERDURAS,kg,HIERBA LUISA
HIERBA LUISA ATADO,VERDURAS,kg,HIERBA LUISA ATADO
HIGADO,COMIDA DEL PERSONAL,kg,HIGADO
HOJAS BOND,UTILES DE OFICINA,und,HOJAS BOND
HOT DOG SUIZA,COMIDA DEL PERSONAL,und,HOT DOG SUIZA
HUEVERA,PESCADOS Y MARISCOS,kg,HUEVERA
HUEVO,ABARROTES,und,HUEVO
INCA KOLA 600 ML,BAR,und,INCA KOLA 600 ML
INCA KOLA ZERO 500ML,BAR,und,INCA KOLA ZERO 500ML
JABON LIQUIDO X GALON,PRODUCTOS DE LIMPIEZA,und,JABON LIQUIDO X GALON
JABÓN LIQUIDO,PRODUCTOS DE LIMPIEZA,L,JABÓN LIQUIDO
JALADOR,PRODUCTOS DE LIMPIEZA,und,JALADOR
JAMAICA,COMIDA DEL PERSONAL,kg,JAMAICA
JAMON,COMIDA DEL PERSONAL,und,JAMON
KION,ABARROTES,kg,KION
LANGOSTINO,PESCADOS Y MARISCOS,kg,LANGOSTINO
LAUREL,ABARROTES,und,LAUREL
LECHE ENTERA 946 ML,ABARROTES,und,LECHE ENTERA 946 ML
LECHE EVAPORADA TARRO,ABARROTES,mL,LECHE EVAPORADA TARRO
LECHUGA,VERDURAS,und,LECHUGA
LEJIA,PRODUCTOS DE LIMPIEZA,L,LEJIA
LEJIA BIDON,PRODUCTOS DE LIMPIEZA,L,LEJIA BIDON
LENTEJA,COMIDA DEL PERSONAL,kg,LENTEJA
LIJA,PRODUCTOS DE LIMPIEZA,und,LIJA
LIMON,VERDURAS,kg,LIMON
LIMPIATODO,PRODUCTOS DE LIMPIEZA,und,LIMPIATODO
LOMO FINO,CARNE,kg,LOMO FINO
MAICENA,ABARROTES,kg,MAICENA
MAIZ MORADO,BAR,kg,MAIZ MORADO
MAIZ PARA SALON,ABARROTES,kg,MAIZ PARA SALON
MANTEQUILLA GLORIA,ABARROTES,kg,MANTEQUILLA GLORIA
MANTEQUILLA SIN SAL,ABARROTES,kg,MANTEQUILLA SIN SAL
MANZANA DE AGUA,BAR,kg,MANZANA DE AGUA
MARACUYA,BAR,kg,MARACUYA
MAYONESA ALACENA X 1.9 KG CAJA,ABARROTES,und,MAYONESA ALACENA X 1.9 KG CAJA
MEMBRILLO,BAR,kg,MEMBRILLO
MICAS,UTILES DE OFICINA,und,MICAS
MILANESA DE POLLO,COMIDA DEL PERSONAL,kg,MILANESA DE POLLO
MIXTURA DE MARISCOS PREMIUM CONGELADO,PESCADOS Y MARISCOS,kg,MIXTURA DE MARISCOS PREMIUM CONGELADO
NARANJA,BAR,kg,NARANJA
NAVAJAS DOCENA,PESCADOS Y MARISCOS,und,NAVAJAS DOCENA
OLLUCO,VERDURAS,kg,OLLUCO
OREGANO,ABARROTES,kg,OREGANO
PALTA,VERDURAS,kg,PALTA
PAN CIABATTA,ABARROTES,und,PAN CIABATTA
PAN FRANCES,ABARROTES,und,PAN FRANCES
PANAFEBRIL1G,BOTIQUIN,und,PANAFEBRIL1G
PANQUITA GRANDE,ABARROTES,und,PANQUITA GRANDE
PAPA AMARILLA,VERDURAS,kg,PAPA AMARILLA
PAPA BLANCA,VERDURAS,kg,PAPA BLANCA
PAPA PERUANITA,VERDURAS,kg,PAPA PERUANITA
PAPAYA,BAR,kg,PAPAYA
PAPEL CONTOM TERMICO 80X80MM POX5 M,UTILES DE OFICINA,und,PAPEL CONTOM TERMICO 80X80MM POX5 M
PAPEL CONTOMETRO,UTILES DE OFICINA,und,PAPEL CONTOMETRO
PAPEL HIGIENICO,SERVICIOS HIGIENICOS,und,PAPEL HIGIENICO
PAPEL TOALLA,SERVICIOS HIGIENICOS,und,PAPEL TOALLA
PASTILLAS PARA EL BOTIQUIN,BOTIQUIN,und,PASTILLAS PARA EL BOTIQUIN
PAÑO ABSORVENTE,DESCARTABLES,und,PAÑO ABSORVENTE
PAÑOS AMARILLOS,DESCARTABLES,und,PAÑOS AMARILLOS
PAÑOS SECADORES,PRODUCTOS DE LIMPIEZA,und,PAÑOS SECADORES
PECHUGA DE POLLO,POLLO,kg,PECHUGA DE POLLO
PEJERREY,PESCADOS Y MARISCOS,kg,PEJERREY
PEREJIL,VERDURAS,kg,PEREJIL
PESCADO AGUJA,PESCADOS Y MARISCOS,kg,PESCADO AGUJA
PESCADO CEVICHE,PESCADOS Y MARISCOS,kg,PESCADO CEVICHE
PILAS PANASONIC AAA/1 5V,UTILES DE OFICINA,und,PILAS PANASONIC AAA/1 5V
PILSEN 305 ML CAJA,BAR,und,PILSEN 305 ML CAJA
PILSEN CALLAO 630 ML CAJA,BAR,und,PILSEN CALLAO 630 ML CAJA
PIMIENTA,ABARROTES,kg,PIMIENTA
PIMIENTO,VERDURAS,kg,PIMIENTO
PINTURA,MANTENIMIENTO,und,PINTURA
PIÑA GOLDEN,BAR,kg,PIÑA GOLDEN
PLANCHA DE SERVILLETA,DESCARTABLES,und,PLANCHA DE SERVILLETA
PLATANO,COMIDA DEL PERSONAL,und,PLATANO
PLATANO BELLACO,COMIDA DEL PERSONAL,und,PLATANO BELLACO
POLLO,COMIDA DEL PERSONAL,und,POLLO
POLLO ENTERO,COMIDA DEL PERSONAL,und,POLLO ENTERO
POMAROLA,ABARROTES,und,POMAROLA
POTA BLANCA,PESCADOS Y MARISCOS,kg,POTA BLANCA
POTA NEGRA,PESCADOS Y MARISCOS,kg,POTA NEGRA
PULPA DE CANGREJO,PESCADOS Y MARISCOS,kg,PULPA DE CANGREJO
PULPA DE MARACUYA,BAR,kg,PULPA DE MARACUYA
PULPO,PESCADOS Y MARISCOS,kg,PULPO
QUESO,ABARROTES,kg,QUESO
QUESO PARMESANO,ABARROTES,kg,QUESO PARMESANO
ROCOTO,VERDURAS,kg,ROCOTO
RODILLO 9,MANTENIMIENTO,und,RODILLO 9
ROLLO 5X10,DESCARTABLES,und,ROLLO 5X10
ROMERO,VERDURAS,und,ROMERO
ROTULADORES 8X3,DESCARTABLES,und,ROTULADORES 8X3
SAL,ABARROTES,kg,SAL
SALSA INGLESA,ABARROTES,und,SALSA INGLESA
SELLO,GASTOS ADMINISTRATIVOS,und,SELLO
SILLAO,ABARROTES,L,SILLAO
SORBETES ECOLOGICO X 100 UND,DESCARTABLES,und,SORBETES ECOLOGICO X 100 UND
SPAGUETTI,ABARROTES,kg,SPAGUETTI
SPAGUETTI DV,ABARROTES,und,SPAGUETTI DV
STICKERS PARA ROTULAR,UTILES DE OFICINA,und,STICKERS PARA ROTULAR
TACHO SUPER REY 210 LT C/TAPA REY,GASTOS ADMINISTRATIVOS,und,TACHO SUPER REY 210 LT C/TAPA REY
TAPER DE CARTON C/T PLASTICO 1300ML,DESCARTABLES,und,TAPER DE CARTON C/T PLASTICO 1300ML
TAPER DELY 1L,DESCARTABLES,und,TAPER DELY 1L
TAPER DELY PAMOLSA DE 1KL X 200,DESCARTABLES,und,TAPER DELY PAMOLSA DE 1KL X 200
TENEDOR,DESCARTABLES,und,TENEDOR
THINNER Y WAYPER,MANTENIMIENTO,und,THINNER Y WAYPER
TOCA CAJA,DESCARTABLES,und,TOCA CAJA
TOMATE,VERDURAS,kg,TOMATE
TRAPEADOR,PRODUCTOS DE LIMPIEZA,und,TRAPEADOR
TRIGO,COMIDA DEL PERSONAL,kg,TRIGO
UTILES DE OFICINA,UTILES DE OFICINA,und,UTILES DE OFICINA
VAINITAS,COMIDA DEL PERSONAL,und,VAINITAS
VASO LEXINGTON LONG DRINK,MENAJERIA,und,VASO LEXINGTON LONG DRINK
VENDITAS UTILINE,BOTIQUIN,und,VENDITAS UTILINE
VINAGRE BLANCO,ABARROTES,L,VINAGRE BLANCO
VINIL,UTILES DE OFICINA,und,VINIL
VINO BLANCO,ABARROTES,L,VINO BLANCO
VONGOLE,PESCADOS Y MARISCOS,kg,VONGOLE
WANTAN,ABARROTES,kg,WANTAN
WYPALL,DESCARTABLES,und,WYPALL
YUCA,VERDURAS,kg,YUCA
YUYO,PESCADOS Y MARISCOS,kg,YUYO
ZANAHORIA,VERDURAS,kg,ZANAHORIA
ZAPALLO LOCHE,VERDURAS,kg,ZAPALLO LOCHE
